filename,totalBBs,averageInstPerBB,totalDynInstCount,dynIntALUCount,dynFpALUCount,dynMemCount,dynBranchCount,dynOtherCount,totalStaticInstCount,staticIntALUCont,staticFpALUCount,staticMemCount,staticBranchCount,staticOtherCount,dynStatIntALU,dynStatFpALU,dynStatMem,dynStatBranch,dynStatOther,biasBranch,unbiasBranch,loopCount,averageBBPerLoop,loopTotalStaticInstCount,averageLoopIntALU,averageLoopFpALU,averageLoopMem,averageLoopBranch,averageLoopOther,recursiveCount
00001.c,1.0,3.0,3.0,0.0,0.0,2.0,0.0,1.0,3.0,0.0,0.0,2.0,0.0,1.0,1.0,0.0,0.0,1.0,0.0,1.0,0.0,0.0,0,0.0,0,0,0,0,0,0.0
00002.c,1.0,3.0,3.0,0.0,0.0,2.0,0.0,1.0,3.0,0.0,0.0,2.0,0.0,1.0,1.0,0.0,0.0,1.0,0.0,1.0,0.0,0.0,0,0.0,0,0,0,0,0,0.0
00003.c,1.0,7.0,7.0,1.0,0.0,5.0,0.0,1.0,7.0,1.0,0.0,5.0,0.0,1.0,1.0,1.0,0.0,1.0,0.0,1.0,0.0,0.0,0,0.0,0,0,0,0,0,0.0
00004.c,1.0,11.0,11.0,0.0,0.0,10.0,0.0,1.0,11.0,0.0,0.0,10.0,0.0,1.0,1.0,0.0,0.0,1.0,0.0,1.0,0.0,0.0,0,0.0,0,0,0,0,0,0.0
00005.c,9.0,3.7780000000000005,28.0,3.0,0.0,19.0,3.0,1.0,34.0,3.0,0.0,22.0,3.0,1.0,0.824,1.0,0.0,0.864,1.0,1.0,5.0,0.0,0,0.0,0,0,0,0,0,0.0
00006.c,4.0,3.5,360.0,101.0,0.0,156.0,51.0,1.0,14.0,2.0,0.0,8.0,1.0,1.0,25.714,50.5,0.0,19.5,51.0,1.0,102.0,0.0,0,7.0,0,0,0,0,0,0.0
00007.c,11.0,3.0,172.0,43.0,0.0,72.0,23.0,1.0,33.0,5.0,0.0,17.0,3.0,1.0,5.212,8.6,0.0,4.235,7.667,1.0,56.0,0.0,0,15.0,0,0,0,0,0,0.0
00008.c,4.0,3.5,357.0,100.0,0.0,155.0,50.0,1.0,14.0,2.0,0.0,8.0,1.0,1.0,25.5,50.0,0.0,19.375,50.0,1.0,101.0,0.0,0,7.0,0,0,0,0,0,0.0
00009.c,1.0,16.0,16.0,4.0,0.0,11.0,0.0,1.0,16.0,4.0,0.0,11.0,0.0,1.0,1.0,1.0,0.0,1.0,0.0,1.0,0.0,0.0,0,0.0,0,0,0,0,0,0.0
00010.c,5.0,1.4,7.0,0.0,0.0,2.0,0.0,1.0,7.0,0.0,0.0,2.0,0.0,1.0,1.0,0.0,0.0,1.0,0.0,1.0,4.0,0.0,0,0.0,0,0,0,0,0,0.0
00011.c,1.0,8.0,8.0,0.0,0.0,7.0,0.0,1.0,8.0,0.0,0.0,7.0,0.0,1.0,1.0,0.0,0.0,1.0,0.0,1.0,0.0,0.0,0,0.0,0,0,0,0,0,0.0
00012.c,1.0,3.0,3.0,0.0,0.0,2.0,0.0,1.0,3.0,0.0,0.0,2.0,0.0,1.0,1.0,0.0,0.0,1.0,0.0,1.0,0.0,0.0,0,0.0,0,0,0,0,0,0.0
00013.c,1.0,10.0,10.0,0.0,0.0,9.0,0.0,1.0,10.0,0.0,0.0,9.0,0.0,1.0,1.0,0.0,0.0,1.0,0.0,1.0,0.0,0.0,0,0.0,0,0,0,0,0,0.0
00014.c,1.0,11.0,11.0,0.0,0.0,10.0,0.0,1.0,11.0,0.0,0.0,10.0,0.0,1.0,1.0,0.0,0.0,1.0,0.0,1.0,0.0,0.0,0,0.0,0,0,0,0,0,0.0
00015.c,1.0,14.0,14.0,2.0,0.0,11.0,0.0,1.0,14.0,2.0,0.0,11.0,0.0,1.0,1.0,1.0,0.0,1.0,0.0,1.0,0.0,0.0,0,0.0,0,0,0,0,0,0.0
00016.c,1.0,11.0,11.0,0.0,0.0,10.0,0.0,1.0,11.0,0.0,0.0,10.0,0.0,1.0,1.0,0.0,0.0,1.0,0.0,1.0,0.0,0.0,0,0.0,0,0,0,0,0,0.0
00017.c,1.0,14.0,14.0,2.0,0.0,11.0,0.0,1.0,14.0,2.0,0.0,11.0,0.0,1.0,1.0,1.0,0.0,1.0,0.0,1.0,0.0,0.0,0,0.0,0,0,0,0,0,0.0
00018.c,1.0,19.0,19.0,2.0,0.0,16.0,0.0,1.0,19.0,2.0,0.0,16.0,0.0,1.0,1.0,1.0,0.0,1.0,0.0,1.0,0.0,0.0,0,0.0,0,0,0,0,0,0.0
00019.c,1.0,20.0,20.0,0.0,0.0,19.0,0.0,1.0,20.0,0.0,0.0,19.0,0.0,1.0,1.0,0.0,0.0,1.0,0.0,1.0,0.0,0.0,0,0.0,0,0,0,0,0,0.0
00020.c,1.0,12.0,12.0,0.0,0.0,11.0,0.0,1.0,12.0,0.0,0.0,11.0,0.0,1.0,1.0,0.0,0.0,1.0,0.0,1.0,0.0,0.0,0,0.0,0,0,0,0,0,0.0
00021.c,2.0,6.5,13.0,2.0,0.0,8.0,0.0,3.0,13.0,2.0,0.0,8.0,0.0,3.0,2.0,1.0,0.0,2.0,0.0,2.0,0.0,0.0,0,0.0,0,0,0,0,0,0.0
00022.c,1.0,6.0,6.0,0.0,0.0,5.0,0.0,1.0,6.0,0.0,0.0,5.0,0.0,1.0,1.0,0.0,0.0,1.0,0.0,1.0,0.0,0.0,0,0.0,0,0,0,0,0,0.0
00023.c,1.0,5.0,5.0,0.0,0.0,4.0,0.0,1.0,5.0,0.0,0.0,4.0,0.0,1.0,1.0,0.0,0.0,1.0,0.0,1.0,0.0,0.0,0,0.0,0,0,0,0,0,0.0
00024.c,1.0,9.0,9.0,2.0,0.0,6.0,0.0,1.0,9.0,2.0,0.0,6.0,0.0,1.0,1.0,1.0,0.0,1.0,0.0,1.0,0.0,0.0,0,0.0,0,0,0,0,0,0.0
00025.c,1.0,8.0,8.0,1.0,0.0,5.0,0.0,2.0,8.0,1.0,0.0,5.0,0.0,2.0,1.0,1.0,0.0,1.0,0.0,1.0,0.0,0.0,0,0.0,0,0,0,0,0,0.0
00026.c,1.0,10.0,10.0,1.0,0.0,7.0,0.0,2.0,10.0,1.0,0.0,7.0,0.0,2.0,1.0,1.0,0.0,1.0,0.0,1.0,0.0,0.0,0,0.0,0,0,0,0,0,0.0
00027.c,1.0,10.0,10.0,2.0,0.0,7.0,0.0,1.0,10.0,2.0,0.0,7.0,0.0,1.0,1.0,1.0,0.0,1.0,0.0,1.0,0.0,0.0,0,0.0,0,0,0,0,0,0.0
00028.c,1.0,10.0,10.0,2.0,0.0,7.0,0.0,1.0,10.0,2.0,0.0,7.0,0.0,1.0,1.0,1.0,0.0,1.0,0.0,1.0,0.0,0.0,0,0.0,0,0,0,0,0,0.0
00029.c,1.0,10.0,10.0,2.0,0.0,7.0,0.0,1.0,10.0,2.0,0.0,7.0,0.0,1.0,1.0,1.0,0.0,1.0,0.0,1.0,0.0,0.0,0,0.0,0,0,0,0,0,0.0
00030.c,15.0,2.466266666666667,30.0,6.0,0.0,4.0,6.0,13.0,37.0,6.0,0.0,10.0,6.0,8.0,6.667,1.0,0.0,0.4,1.0,7.0,7.0,0.0,0,0.0,0,0,0,0,0,0.0
00031.c,20.0,3.7,60.0,12.0,0.0,30.0,8.0,9.0,74.0,12.0,0.0,38.0,8.0,7.0,4.7780000000000005,1.0,0.0,0.789,1.0,5.0,9.0,0.0,0,0.0,0,0,0,0,0,0.0
00032.c,14.0,4.857,56.0,6.0,0.0,42.0,6.0,1.0,68.0,6.0,0.0,48.0,6.0,1.0,0.824,1.0,0.0,0.875,1.0,1.0,7.0,0.0,0,0.0,0,0,0,0,0,0.0
00033.c,26.0,2.6923076923076925,50.0,10.0,0.0,21.0,10.0,5.0,70.0,12.0,0.0,28.0,12.0,6.0,2.676,0.833,0.0,2.7039999999999997,0.833,2.6,14.0,0.0,0,0.0,0,0,0,0,0,0.0
00034.c,16.0,2.312,134.0,34.0,0.0,53.0,23.0,1.0,37.0,7.0,0.0,14.0,4.0,1.0,3.622,4.857,0.0,3.786,5.75,1.0,46.0,0.0,0,22.0,0,0,0,0,0,0.0
00035.c,8.0,3.875,25.0,9.0,0.0,9.0,3.0,3.0,31.0,9.0,0.0,12.0,3.0,3.0,0.806,1.0,0.0,0.75,1.0,1.0,4.0,0.0,0,0.0,0,0,0,0,0,0.0
00036.c,8.0,4.375,29.0,7.0,0.0,17.0,3.0,1.0,35.0,7.0,0.0,20.0,3.0,1.0,0.829,1.0,0.0,0.85,1.0,1.0,4.0,0.0,0,0.0,0,0,0,0,0,0.0
00037.c,4.0,5.25,19.0,1.0,0.0,15.0,1.0,1.0,21.0,1.0,0.0,16.0,1.0,1.0,0.905,1.0,0.0,0.938,1.0,1.0,2.0,0.0,0,0.0,0,0,0,0,0,0.0
00038.c,1.0,5.0,5.0,0.0,0.0,4.0,0.0,1.0,5.0,0.0,0.0,4.0,0.0,1.0,1.0,0.0,0.0,1.0,0.0,1.0,0.0,0.0,0,0.0,0,0,0,0,0,0.0
00039.c,4.0,4.5,16.0,1.0,0.0,10.0,1.0,3.0,18.0,1.0,0.0,11.0,1.0,3.0,0.889,1.0,0.0,0.909,1.0,1.0,2.0,0.0,0,0.0,0,0,0,0,0,0.0
00040.c,31.0,7.7744193548387095,912726860.0,333313597.0,0.0,402818660.0,45693556.0,98279553.0,241.0,67.0,0.0,122.0,10.0,24.0,5985486.755,6657673.132,0.0,5295338.044,9273155.0,6754502.267,61231461.0,17083589.0,109.37758049552703,195.0,51.29460021544653,0,68.20642524237735,10.964730010772326,13.823650053861632,1.0
00041.c,14.0,3.714,3554175.0,1166691.0,0.0,1660488.0,471408.0,1.0,52.0,10.0,0.0,28.0,5.0,1.0,68349.519,116669.1,0.0,59303.143,94281.6,1.0,726995.0,0.0,0,34.0,0,0,0,0,0,0.0
00042.c,5.0,4.2,19.0,2.0,0.0,9.0,2.0,5.0,21.0,2.0,0.0,10.0,2.0,5.0,0.905,1.0,0.0,0.9,1.0,1.0,3.0,0.0,0,0.0,0,0,0,0,0,0.0
00043.c,4.0,7.25,27.0,3.0,0.0,21.0,1.0,1.0,29.0,3.0,0.0,22.0,1.0,1.0,0.931,1.0,0.0,0.955,1.0,1.0,2.0,0.0,0,0.0,0,0,0,0,0,0.0
00044.c,4.0,3.75,13.0,1.0,0.0,9.0,1.0,1.0,15.0,1.0,0.0,10.0,1.0,1.0,0.867,1.0,0.0,0.9,1.0,1.0,2.0,0.0,0,0.0,0,0,0,0,0,0.0
00045.c,8.0,2.75,16.0,3.0,0.0,8.0,3.0,1.0,22.0,3.0,0.0,11.0,3.0,1.0,0.727,1.0,0.0,0.727,1.0,1.0,4.0,0.0,0,0.0,0,0,0,0,0,0.0
00046.c,11.0,4.909,41.0,4.0,0.0,27.0,4.0,5.0,54.0,5.0,0.0,33.0,5.0,6.0,0.759,0.8,0.0,0.818,0.8,0.833,5.0,0.0,0,0.0,0,0,0,0,0,0.0
00047.c,8.0,2.625,15.0,3.0,0.0,7.0,3.0,1.0,21.0,3.0,0.0,10.0,3.0,1.0,0.714,1.0,0.0,0.7,1.0,1.0,4.0,0.0,0,0.0,0,0,0,0,0,0.0
00048.c,6.0,2.667,12.0,2.0,0.0,6.0,2.0,1.0,16.0,2.0,0.0,8.0,2.0,1.0,0.75,1.0,0.0,0.75,1.0,1.0,3.0,0.0,0,0.0,0,0,0,0,0,0.0
00049.c,6.0,2.833,13.0,2.0,0.0,7.0,2.0,1.0,17.0,2.0,0.0,9.0,2.0,1.0,0.765,1.0,0.0,0.778,1.0,1.0,3.0,0.0,0,0.0,0,0,0,0,0,0.0
00050.c,13.0,2.615,24.0,6.0,0.0,10.0,6.0,1.0,34.0,6.0,0.0,15.0,6.0,1.0,0.706,1.0,0.0,0.667,1.0,1.0,7.0,0.0,0,0.0,0,0,0,0,0,0.0
00051.c,17.0,2.0,21.0,0.0,0.0,11.0,6.0,1.0,34.0,0.0,0.0,17.0,6.0,1.0,0.618,0.0,0.0,0.647,1.0,1.0,9.0,0.0,0,0.0,0,0,0,0,0,0.0
00052.c,1.0,8.0,8.0,0.0,0.0,7.0,0.0,1.0,8.0,0.0,0.0,7.0,0.0,1.0,1.0,0.0,0.0,1.0,0.0,1.0,0.0,0.0,0,0.0,0,0,0,0,0,0.0
00053.c,4.0,5.25,19.0,2.0,0.0,14.0,1.0,1.0,21.0,2.0,0.0,15.0,1.0,1.0,0.905,1.0,0.0,0.933,1.0,1.0,2.0,0.0,0,0.0,0,0,0,0,0,0.0
00054.c,1.0,6.0,6.0,0.0,0.0,5.0,0.0,1.0,6.0,0.0,0.0,5.0,0.0,1.0,1.0,0.0,0.0,1.0,0.0,1.0,0.0,0.0,0,0.0,0,0,0,0,0,0.0
00055.c,1.0,6.0,6.0,0.0,0.0,5.0,0.0,1.0,6.0,0.0,0.0,5.0,0.0,1.0,1.0,0.0,0.0,1.0,0.0,1.0,0.0,0.0,0,0.0,0,0,0,0,0,0.0
00056.c,1.0,18.0,18.0,0.0,0.0,14.0,0.0,4.0,18.0,0.0,0.0,14.0,0.0,4.0,1.0,0.0,0.0,1.0,0.0,1.0,0.0,0.0,0,0.0,0,0,0,0,0,0.0
00057.c,1.0,5.0,5.0,0.0,0.0,4.0,0.0,1.0,5.0,0.0,0.0,4.0,0.0,1.0,1.0,0.0,0.0,1.0,0.0,1.0,0.0,0.0,0,0.0,0,0,0,0,0,0.0
00058.c,16.0,4.0,50.0,7.0,0.0,27.0,7.0,8.0,64.0,7.0,0.0,34.0,7.0,8.0,0.781,1.0,0.0,0.794,1.0,1.0,8.0,0.0,0,0.0,0,0,0,0,0,0.0
00059.c,1.0,3.0,3.0,0.0,0.0,2.0,0.0,1.0,3.0,0.0,0.0,2.0,0.0,1.0,1.0,0.0,0.0,1.0,0.0,1.0,0.0,0.0,0,0.0,0,0,0,0,0,0.0
00060.c,1.0,3.0,3.0,0.0,0.0,2.0,0.0,1.0,3.0,0.0,0.0,2.0,0.0,1.0,1.0,0.0,0.0,1.0,0.0,1.0,0.0,0.0,0,0.0,0,0,0,0,0,0.0
00061.c,1.0,3.0,3.0,0.0,0.0,2.0,0.0,1.0,3.0,0.0,0.0,2.0,0.0,1.0,1.0,0.0,0.0,1.0,0.0,1.0,0.0,0.0,0,0.0,0,0,0,0,0,0.0
00062.c,1.0,4.0,4.0,0.0,0.0,3.0,0.0,1.0,4.0,0.0,0.0,3.0,0.0,1.0,1.0,0.0,0.0,1.0,0.0,1.0,0.0,0.0,0,0.0,0,0,0,0,0,0.0
00063.c,1.0,3.0,3.0,0.0,0.0,2.0,0.0,1.0,3.0,0.0,0.0,2.0,0.0,1.0,1.0,0.0,0.0,1.0,0.0,1.0,0.0,0.0,0,0.0,0,0,0,0,0,0.0
00064.c,1.0,3.0,3.0,0.0,0.0,2.0,0.0,1.0,3.0,0.0,0.0,2.0,0.0,1.0,1.0,0.0,0.0,1.0,0.0,1.0,0.0,0.0,0,0.0,0,0,0,0,0,0.0
00065.c,1.0,3.0,3.0,0.0,0.0,2.0,0.0,1.0,3.0,0.0,0.0,2.0,0.0,1.0,1.0,0.0,0.0,1.0,0.0,1.0,0.0,0.0,0,0.0,0,0,0,0,0,0.0
00066.c,1.0,3.0,3.0,0.0,0.0,2.0,0.0,1.0,3.0,0.0,0.0,2.0,0.0,1.0,1.0,0.0,0.0,1.0,0.0,1.0,0.0,0.0,0,0.0,0,0,0,0,0,0.0
00067.c,1.0,4.0,4.0,0.0,0.0,3.0,0.0,1.0,4.0,0.0,0.0,3.0,0.0,1.0,1.0,0.0,0.0,1.0,0.0,1.0,0.0,0.0,0,0.0,0,0,0,0,0,0.0
00068.c,1.0,4.0,4.0,0.0,0.0,3.0,0.0,1.0,4.0,0.0,0.0,3.0,0.0,1.0,1.0,0.0,0.0,1.0,0.0,1.0,0.0,0.0,0,0.0,0,0,0,0,0,0.0
00069.c,1.0,4.0,4.0,0.0,0.0,3.0,0.0,1.0,4.0,0.0,0.0,3.0,0.0,1.0,1.0,0.0,0.0,1.0,0.0,1.0,0.0,0.0,0,0.0,0,0,0,0,0,0.0
00070.c,1.0,4.0,4.0,0.0,0.0,3.0,0.0,1.0,4.0,0.0,0.0,3.0,0.0,1.0,1.0,0.0,0.0,1.0,0.0,1.0,0.0,0.0,0,0.0,0,0,0,0,0,0.0
00071.c,1.0,3.0,3.0,0.0,0.0,2.0,0.0,1.0,3.0,0.0,0.0,2.0,0.0,1.0,1.0,0.0,0.0,1.0,0.0,1.0,0.0,0.0,0,0.0,0,0,0,0,0,0.0
00072.c,4.0,5.25,19.0,1.0,0.0,15.0,1.0,1.0,21.0,1.0,0.0,16.0,1.0,1.0,0.905,1.0,0.0,0.938,1.0,1.0,2.0,0.0,0,0.0,0,0,0,0,0,0.0
00073.c,4.0,5.25,19.0,1.0,0.0,15.0,1.0,1.0,21.0,1.0,0.0,16.0,1.0,1.0,0.905,1.0,0.0,0.938,1.0,1.0,2.0,0.0,0,0.0,0,0,0,0,0,0.0
00074.c,1.0,3.0,3.0,0.0,0.0,2.0,0.0,1.0,3.0,0.0,0.0,2.0,0.0,1.0,1.0,0.0,0.0,1.0,0.0,1.0,0.0,0.0,0,0.0,0,0,0,0,0,0.0
00075.c,1.0,3.0,3.0,0.0,0.0,2.0,0.0,1.0,3.0,0.0,0.0,2.0,0.0,1.0,1.0,0.0,0.0,1.0,0.0,1.0,0.0,0.0,0,0.0,0,0,0,0,0,0.0
00076.c,1.0,3.0,3.0,0.0,0.0,2.0,0.0,1.0,3.0,0.0,0.0,2.0,0.0,1.0,1.0,0.0,0.0,1.0,0.0,1.0,0.0,0.0,0,0.0,0,0,0,0,0,0.0
00077.c,9.0,4.888888888888889,38.0,3.0,0.0,28.0,3.0,3.0,44.0,3.0,0.0,31.0,3.0,3.0,1.833,1.0,0.0,1.88,1.0,2.0,4.0,0.0,0,0.0,0,0,0,0,0,0.0
00078.c,5.0,4.2,19.0,2.0,0.0,11.0,1.0,4.0,21.0,2.0,0.0,12.0,1.0,4.0,1.857,2.0,0.0,1.875,1.0,2.0,2.0,0.0,0,0.0,0,0,0,0,0,0.0
00079.c,4.0,4.25,15.0,2.0,0.0,10.0,1.0,1.0,17.0,2.0,0.0,11.0,1.0,1.0,0.882,1.0,0.0,0.909,1.0,1.0,2.0,0.0,0,0.0,0,0,0,0,0,0.0
00080.c,2.0,2.5,5.0,0.0,0.0,2.0,0.0,3.0,5.0,0.0,0.0,2.0,0.0,3.0,2.0,0.0,0.0,1.0,0.0,2.0,0.0,0.0,0,0.0,0,0,0,0,0,0.0
00081.c,4.0,4.0,14.0,2.0,0.0,9.0,1.0,1.0,16.0,2.0,0.0,10.0,1.0,1.0,0.875,1.0,0.0,0.9,1.0,1.0,2.0,0.0,0,0.0,0,0,0,0,0,0.0
00082.c,4.0,4.0,14.0,2.0,0.0,9.0,1.0,1.0,16.0,2.0,0.0,10.0,1.0,1.0,0.875,1.0,0.0,0.9,1.0,1.0,2.0,0.0,0,0.0,0,0,0,0,0,0.0
00083.c,26.0,3.0000769230769233,60.0,9.0,0.0,31.0,9.0,7.0,78.0,9.0,0.0,40.0,9.0,7.0,3.105,4.0,0.0,3.0459999999999994,4.0,4.0,13.0,0.0,0,0.0,0,0,0,0,0,0.0
00084.c,29.0,2.896620689655172,64.0,10.0,0.0,31.0,10.0,9.0,84.0,10.0,0.0,41.0,10.0,9.0,4.083,4.0,0.0,2.9749999999999996,4.0,5.0,14.0,0.0,0,0.0,0,0,0,0,0,0.0
00085.c,1.0,3.0,3.0,0.0,0.0,2.0,0.0,1.0,3.0,0.0,0.0,2.0,0.0,1.0,1.0,0.0,0.0,1.0,0.0,1.0,0.0,0.0,0,0.0,0,0,0,0,0,0.0
00086.c,4.0,4.75,17.0,2.0,0.0,9.0,1.0,4.0,19.0,2.0,0.0,10.0,1.0,4.0,0.895,1.0,0.0,0.9,1.0,1.0,2.0,0.0,0,0.0,0,0,0,0,0,0.0
00087.c,2.0,5.5,11.0,0.0,0.0,7.0,0.0,4.0,11.0,0.0,0.0,7.0,0.0,4.0,2.0,0.0,0.0,1.0,0.0,2.0,0.0,0.0,0,0.0,0,0,0,0,0,0.0
00088.c,4.0,2.75,9.0,1.0,0.0,5.0,1.0,1.0,11.0,1.0,0.0,6.0,1.0,1.0,0.818,1.0,0.0,0.833,1.0,1.0,2.0,0.0,0,0.0,0,0,0,0,0,0.0
00089.c,4.0,3.25,13.0,0.0,0.0,4.0,0.0,9.0,13.0,0.0,0.0,4.0,0.0,9.0,4.0,0.0,0.0,1.0,0.0,4.0,0.0,0.0,0,0.0,0,0,0,0,0,0.0
00090.c,8.0,2.625,15.0,3.0,0.0,7.0,3.0,1.0,21.0,3.0,0.0,10.0,3.0,1.0,0.714,1.0,0.0,0.7,1.0,1.0,4.0,0.0,0,0.0,0,0,0,0,0,0.0
00092.c,10.0,2.6,18.0,4.0,0.0,8.0,4.0,1.0,26.0,4.0,0.0,12.0,4.0,1.0,0.692,1.0,0.0,0.667,1.0,1.0,5.0,0.0,0,0.0,0,0,0,0,0,0.0
00093.c,1.0,3.0,3.0,0.0,0.0,2.0,0.0,1.0,3.0,0.0,0.0,2.0,0.0,1.0,1.0,0.0,0.0,1.0,0.0,1.0,0.0,0.0,0,0.0,0,0,0,0,0,0.0
00094.c,1.0,3.0,3.0,0.0,0.0,2.0,0.0,1.0,3.0,0.0,0.0,2.0,0.0,1.0,1.0,0.0,0.0,1.0,0.0,1.0,0.0,0.0,0,0.0,0,0,0,0,0,0.0
00095.c,5.0,2.8,11.0,1.0,0.0,7.0,1.0,1.0,14.0,1.0,0.0,8.0,1.0,2.0,0.846,1.0,0.0,0.875,1.0,1.0,2.0,0.0,0,0.0,0,0,0,0,0,0.0
00096.c,4.0,3.25,11.0,1.0,0.0,7.0,1.0,1.0,13.0,1.0,0.0,8.0,1.0,1.0,0.846,1.0,0.0,0.875,1.0,1.0,2.0,0.0,0,0.0,0,0,0,0,0,0.0
00097.c,1.0,3.0,3.0,0.0,0.0,2.0,0.0,1.0,3.0,0.0,0.0,2.0,0.0,1.0,1.0,0.0,0.0,1.0,0.0,1.0,0.0,0.0,0,0.0,0,0,0,0,0,0.0
00098.c,1.0,3.0,3.0,0.0,0.0,2.0,0.0,1.0,3.0,0.0,0.0,2.0,0.0,1.0,1.0,0.0,0.0,1.0,0.0,1.0,0.0,0.0,0,0.0,0,0,0,0,0,0.0
00099.c,1.0,3.0,3.0,0.0,0.0,2.0,0.0,1.0,3.0,0.0,0.0,2.0,0.0,1.0,1.0,0.0,0.0,1.0,0.0,1.0,0.0,0.0,0,0.0,0,0,0,0,0,0.0
00100.c,2.0,2.5,5.0,0.0,0.0,2.0,0.0,3.0,5.0,0.0,0.0,2.0,0.0,3.0,2.0,0.0,0.0,1.0,0.0,2.0,0.0,0.0,0,0.0,0,0,0,0,0,0.0
00101.c,3.0,2.667,8.0,0.0,0.0,5.0,0.0,1.0,8.0,0.0,0.0,5.0,0.0,1.0,1.0,0.0,0.0,1.0,0.0,1.0,2.0,0.0,0,0.0,0,0,0,0,0,0.0
00102.c,4.0,3.5,12.0,2.0,0.0,7.0,1.0,1.0,14.0,2.0,0.0,8.0,1.0,1.0,0.857,1.0,0.0,0.875,1.0,1.0,2.0,0.0,0,0.0,0,0,0,0,0,0.0
00103.c,1.0,14.0,14.0,0.0,0.0,11.0,0.0,3.0,14.0,0.0,0.0,11.0,0.0,3.0,1.0,0.0,0.0,1.0,0.0,1.0,0.0,0.0,0,0.0,0,0,0,0,0,0.0
00104.c,6.0,4.5,23.0,4.0,0.0,14.0,2.0,2.0,27.0,4.0,0.0,16.0,2.0,2.0,0.852,1.0,0.0,0.875,1.0,1.0,3.0,0.0,0,0.0,0,0,0,0,0,0.0
00105.c,7.0,2.571,119.0,31.0,0.0,45.0,21.0,1.0,18.0,3.0,0.0,8.0,2.0,1.0,6.611,10.333,0.0,5.625,10.5,1.0,42.0,0.0,0,12.0,0,0,0,0,0,0.0
00106.c,1.0,7.0,7.0,0.0,0.0,6.0,0.0,1.0,7.0,0.0,0.0,6.0,0.0,1.0,1.0,0.0,0.0,1.0,0.0,1.0,0.0,0.0,0,0.0,0,0,0,0,0,0.0
00107.c,1.0,5.0,5.0,1.0,0.0,3.0,0.0,1.0,5.0,1.0,0.0,3.0,0.0,1.0,1.0,1.0,0.0,1.0,0.0,1.0,0.0,0.0,0,0.0,0,0,0,0,0,0.0
00108.c,1.0,3.0,3.0,0.0,0.0,2.0,0.0,1.0,3.0,0.0,0.0,2.0,0.0,1.0,1.0,0.0,0.0,1.0,0.0,1.0,0.0,0.0,0,0.0,0,0,0,0,0,0.0
00109.c,12.0,2.167,19.0,2.0,0.0,10.0,4.0,1.0,26.0,2.0,0.0,12.0,6.0,1.0,0.731,1.0,0.0,0.833,0.667,1.0,6.0,0.0,0,0.0,0,0,0,0,0,0.0
00110.c,1.0,4.0,4.0,0.0,0.0,3.0,0.0,1.0,4.0,0.0,0.0,3.0,0.0,1.0,1.0,0.0,0.0,1.0,0.0,1.0,0.0,0.0,0,0.0,0,0,0,0,0,0.0
00111.c,1.0,15.0,15.0,1.0,0.0,10.0,0.0,4.0,15.0,1.0,0.0,10.0,0.0,4.0,1.0,1.0,0.0,1.0,0.0,1.0,0.0,0.0,0,0.0,0,0,0,0,0,0.0
00112.c,1.0,3.0,3.0,0.0,0.0,2.0,0.0,1.0,3.0,0.0,0.0,2.0,0.0,1.0,1.0,0.0,0.0,1.0,0.0,1.0,0.0,0.0,0,0.0,0,0,0,0,0,0.0
00113.c,1.0,15.0,15.0,1.0,1.0,9.0,0.0,4.0,15.0,1.0,1.0,9.0,0.0,4.0,1.0,1.0,1.0,1.0,0.0,1.0,0.0,0.0,0,0.0,0,0,0,0,0,0.0
00114.c,1.0,3.0,3.0,0.0,0.0,2.0,0.0,1.0,3.0,0.0,0.0,2.0,0.0,1.0,1.0,0.0,0.0,1.0,0.0,1.0,0.0,0.0,0,0.0,0,0,0,0,0,0.0
00115.c,10.0,3.0,22.0,4.0,0.0,8.0,4.0,5.0,30.0,4.0,0.0,12.0,4.0,5.0,0.733,1.0,0.0,0.667,1.0,1.0,5.0,0.0,0,0.0,0,0,0,0,0,0.0
00116.c,2.0,4.0,8.0,0.0,0.0,5.0,0.0,3.0,8.0,0.0,0.0,5.0,0.0,3.0,2.0,0.0,0.0,2.0,0.0,2.0,0.0,0.0,0,0.0,0,0,0,0,0,0.0
00117.c,1.0,8.0,8.0,0.0,0.0,5.0,0.0,3.0,8.0,0.0,0.0,5.0,0.0,3.0,1.0,0.0,0.0,1.0,0.0,1.0,0.0,0.0,0,0.0,0,0,0,0,0,0.0
00118.c,1.0,8.0,8.0,0.0,0.0,5.0,0.0,3.0,8.0,0.0,0.0,5.0,0.0,3.0,1.0,0.0,0.0,1.0,0.0,1.0,0.0,0.0,0,0.0,0,0,0,0,0,0.0
00119.c,1.0,6.0,6.0,0.0,1.0,3.0,0.0,2.0,6.0,0.0,1.0,3.0,0.0,2.0,1.0,0.0,1.0,1.0,0.0,1.0,0.0,0.0,0,0.0,0,0,0,0,0,0.0
00120.c,1.0,3.0,3.0,0.0,0.0,2.0,0.0,1.0,3.0,0.0,0.0,2.0,0.0,1.0,1.0,0.0,0.0,1.0,0.0,1.0,0.0,0.0,0,0.0,0,0,0,0,0,0.0
00121.c,3.0,4.666666666666667,14.0,1.0,0.0,8.0,0.0,5.0,14.0,1.0,0.0,8.0,0.0,5.0,3.0,1.0,0.0,3.0,0.0,3.0,0.0,0.0,0,0.0,0,0,0,0,0,0.0
00122.c,1.0,3.0,3.0,0.0,0.0,2.0,0.0,1.0,3.0,0.0,0.0,2.0,0.0,1.0,1.0,0.0,0.0,1.0,0.0,1.0,0.0,0.0,0,0.0,0,0,0,0,0,0.0
00123.c,1.0,6.0,6.0,0.0,1.0,3.0,0.0,2.0,6.0,0.0,1.0,3.0,0.0,2.0,1.0,0.0,1.0,1.0,0.0,1.0,0.0,0.0,0,0.0,0,0,0,0,0,0.0
00124.c,6.0,5.166666666666667,29.0,2.0,0.0,20.0,1.0,5.0,31.0,2.0,0.0,21.0,1.0,5.0,2.867,2.0,0.0,2.9,1.0,3.0,2.0,0.0,0,0.0,0,0,0,0,0,0.0
00125.c,1.0,4.0,4.0,0.0,0.0,2.0,0.0,2.0,4.0,0.0,0.0,2.0,0.0,2.0,1.0,0.0,0.0,1.0,0.0,1.0,0.0,0.0,0,0.0,0,0,0,0,0,0.0
00126.c,4.0,7.25,27.0,7.0,0.0,15.0,1.0,3.0,29.0,7.0,0.0,16.0,1.0,3.0,0.931,1.0,0.0,0.938,1.0,1.0,2.0,0.0,0,0.0,0,0,0,0,0,0.0
00127.c,4.0,2.75,9.0,1.0,0.0,5.0,1.0,1.0,11.0,1.0,0.0,6.0,1.0,1.0,0.818,1.0,0.0,0.833,1.0,1.0,2.0,0.0,0,0.0,0,0,0,0,0,0.0
00128.c,1.0,311.0,311.0,0.0,0.0,222.0,0.0,89.0,311.0,0.0,0.0,222.0,0.0,89.0,1.0,0.0,0.0,1.0,0.0,1.0,0.0,0.0,0,0.0,0,0,0,0,0,0.0
00129.c,2.0,3.0,6.0,0.0,0.0,4.0,0.0,1.0,6.0,0.0,0.0,4.0,0.0,1.0,1.0,0.0,0.0,1.0,0.0,1.0,1.0,0.0,0,0.0,0,0,0,0,0,0.0
00130.c,10.0,5.0,42.0,4.0,0.0,29.0,4.0,4.0,50.0,4.0,0.0,33.0,4.0,4.0,0.84,1.0,0.0,0.879,1.0,1.0,5.0,0.0,0,0.0,0,0,0,0,0,0.0
00131.c,1.0,8.0,8.0,0.0,0.0,2.0,0.0,6.0,8.0,0.0,0.0,2.0,0.0,6.0,1.0,0.0,0.0,1.0,0.0,1.0,0.0,0.0,0,0.0,0,0,0,0,0,0.0
00132.c,5.0,4.0,123.0,23.0,0.0,49.0,12.0,16.0,20.0,2.0,0.0,8.0,1.0,6.0,6.15,11.5,0.0,6.125,12.0,2.667,35.0,0.0,0,10.0,0,0,0,0,0,0.0
00133.c,1.0,21.0,21.0,0.0,0.0,20.0,0.0,1.0,21.0,0.0,0.0,20.0,0.0,1.0,1.0,0.0,0.0,1.0,0.0,1.0,0.0,0.0,0,0.0,0,0,0,0,0,0.0
00134.c,1.0,21.0,21.0,0.0,0.0,20.0,0.0,1.0,21.0,0.0,0.0,20.0,0.0,1.0,1.0,0.0,0.0,1.0,0.0,1.0,0.0,0.0,0,0.0,0,0,0,0,0,0.0
00135.c,1.0,19.0,19.0,0.0,0.0,18.0,0.0,1.0,19.0,0.0,0.0,18.0,0.0,1.0,1.0,0.0,0.0,1.0,0.0,1.0,0.0,0.0,0,0.0,0,0,0,0,0,0.0
00136.c,1.0,3.0,3.0,0.0,0.0,2.0,0.0,1.0,3.0,0.0,0.0,2.0,0.0,1.0,1.0,0.0,0.0,1.0,0.0,1.0,0.0,0.0,0,0.0,0,0,0,0,0,0.0
00137.c,1.0,11.0,11.0,1.0,0.0,6.0,0.0,4.0,11.0,1.0,0.0,6.0,0.0,4.0,1.0,1.0,0.0,1.0,0.0,1.0,0.0,0.0,0,0.0,0,0,0,0,0,0.0
00138.c,1.0,12.0,12.0,1.0,0.0,7.0,0.0,4.0,12.0,1.0,0.0,7.0,0.0,4.0,1.0,1.0,0.0,1.0,0.0,1.0,0.0,0.0,0,0.0,0,0,0,0,0,0.0
00139.c,1.0,7.0,7.0,1.0,0.0,5.0,0.0,1.0,7.0,1.0,0.0,5.0,0.0,1.0,1.0,1.0,0.0,1.0,0.0,1.0,0.0,0.0,0,0.0,0,0,0,0,0,0.0
00140.c,5.0,14.0,99.0,4.0,0.0,81.0,2.0,10.0,70.0,2.0,0.0,57.0,1.0,8.0,2.879,2.0,0.0,2.923,2.0,3.0,4.0,0.0,0,0.0,0,0,0,0,0,0.0
00141.c,1.0,14.0,14.0,2.0,0.0,11.0,0.0,1.0,14.0,2.0,0.0,11.0,0.0,1.0,1.0,1.0,0.0,1.0,0.0,1.0,0.0,0.0,0,0.0,0,0,0,0,0,0.0
00142.c,1.0,4.0,4.0,0.0,0.0,3.0,0.0,1.0,4.0,0.0,0.0,3.0,0.0,1.0,1.0,0.0,0.0,1.0,0.0,1.0,0.0,0.0,0,0.0,0,0,0,0,0,0.0
00143.c,24.0,6.125,1893.0,210.0,0.0,1085.0,125.0,274.0,147.0,10.0,0.0,106.0,5.0,8.0,12.878,21.0,0.0,10.236,25.0,34.25,319.0,5.0,23.5,38.0,2.5,0,9.5,3.5,3.5,0.0
00144.c,13.0,4.846,57.0,8.0,0.0,24.0,4.0,17.0,63.0,8.0,0.0,26.0,4.0,17.0,0.905,1.0,0.0,0.923,1.0,1.0,8.0,0.0,0,0.0,0,0,0,0,0,0.0
00145.c,1.0,3.0,3.0,0.0,0.0,2.0,0.0,1.0,3.0,0.0,0.0,2.0,0.0,1.0,1.0,0.0,0.0,1.0,0.0,1.0,0.0,0.0,0,0.0,0,0,0,0,0,0.0
00146.c,6.0,2.667,12.0,2.0,0.0,6.0,2.0,1.0,16.0,2.0,0.0,8.0,2.0,1.0,0.75,1.0,0.0,0.75,1.0,1.0,3.0,0.0,0,0.0,0,0,0,0,0,0.0
00147.c,8.0,2.625,15.0,3.0,0.0,7.0,3.0,1.0,21.0,3.0,0.0,10.0,3.0,1.0,0.714,1.0,0.0,0.7,1.0,1.0,4.0,0.0,0,0.0,0,0,0,0,0,0.0
00148.c,10.0,2.6,18.0,4.0,0.0,8.0,4.0,1.0,26.0,4.0,0.0,12.0,4.0,1.0,0.692,1.0,0.0,0.667,1.0,1.0,5.0,0.0,0,0.0,0,0,0,0,0,0.0
00149.c,6.0,3.333,16.0,2.0,0.0,10.0,2.0,1.0,20.0,2.0,0.0,12.0,2.0,1.0,0.8,1.0,0.0,0.833,1.0,1.0,3.0,0.0,0,0.0,0,0,0,0,0,0.0
00150.c,14.0,4.0,44.0,6.0,0.0,30.0,6.0,1.0,56.0,6.0,0.0,36.0,6.0,1.0,0.786,1.0,0.0,0.833,1.0,1.0,7.0,0.0,0,0.0,0,0,0,0,0,0.0
00151.c,1.0,8.0,8.0,2.0,0.0,4.0,0.0,2.0,8.0,2.0,0.0,4.0,0.0,2.0,1.0,1.0,0.0,1.0,0.0,1.0,0.0,0.0,0,0.0,0,0,0,0,0,0.0
00152.c,1.0,3.0,3.0,0.0,0.0,2.0,0.0,1.0,3.0,0.0,0.0,2.0,0.0,1.0,1.0,0.0,0.0,1.0,0.0,1.0,0.0,0.0,0,0.0,0,0,0,0,0,0.0
00153.c,1.0,8.0,8.0,0.0,0.0,7.0,0.0,1.0,8.0,0.0,0.0,7.0,0.0,1.0,1.0,0.0,0.0,1.0,0.0,1.0,0.0,0.0,0,0.0,0,0,0,0,0,0.0
00154.c,1.0,43.0,43.0,0.0,0.0,36.0,0.0,7.0,43.0,0.0,0.0,36.0,0.0,7.0,1.0,0.0,0.0,1.0,0.0,1.0,0.0,0.0,0,0.0,0,0,0,0,0,0.0
00155.c,1.0,3.0,3.0,0.0,0.0,2.0,0.0,1.0,3.0,0.0,0.0,2.0,0.0,1.0,1.0,0.0,0.0,1.0,0.0,1.0,0.0,0.0,0,0.0,0,0,0,0,0,0.0
00156.c,5.0,3.2,109.0,21.0,0.0,45.0,11.0,11.0,16.0,2.0,0.0,8.0,1.0,2.0,6.812,10.5,0.0,5.625,11.0,5.5,32.0,0.0,0,10.0,0,0,0,0,0,0.0
00157.c,9.0,4.222,305.0,62.0,0.0,148.0,22.0,31.0,38.0,6.0,0.0,20.0,2.0,4.0,8.026,10.333,0.0,7.4,11.0,7.75,64.0,0.0,0,29.0,0,0,0,0,0,0.0
00158.c,9.0,2.667,65.0,9.0,0.0,25.0,9.0,9.0,24.0,2.0,0.0,9.0,2.0,5.0,2.708,4.5,0.0,2.778,4.5,1.8,13.0,9.0,17.0,18.0,2.0,0,5.0,7.0,4.0,0.0
00159.c,5.0,4.8,28.0,2.0,0.0,13.0,0.0,13.0,24.0,1.0,0.0,9.0,0.0,14.0,5.0,2.0,0.0,4.0,0.0,5.0,0.0,0.0,0,0.0,0,0,0,0,0,0.0
00160.c,4.0,6.0,167.0,23.0,0.0,108.0,12.0,12.0,24.0,2.0,0.0,17.0,1.0,2.0,6.958,11.5,0.0,6.353,12.0,6.0,24.0,0.0,0,14.0,0,0,0,0,0,0.0
00161.c,4.0,6.0,164.0,22.0,0.0,107.0,11.0,12.0,24.0,2.0,0.0,17.0,1.0,2.0,6.833,11.0,0.0,6.294,11.0,6.0,23.0,0.0,0,14.0,0,0,0,0,0,0.0
00162.c,2.0,4.5,3.0,0.0,0.0,2.0,0.0,1.0,9.0,0.0,0.0,7.0,0.0,2.0,1.0,0.0,0.0,1.0,0.0,1.0,0.0,0.0,0,0.0,0,0,0,0,0,0.0
00163.c,1.0,38.0,38.0,0.0,0.0,29.0,0.0,9.0,38.0,0.0,0.0,29.0,0.0,9.0,1.0,0.0,0.0,1.0,0.0,1.0,0.0,0.0,0,0.0,0,0,0,0,0,0.0
00164.c,19.0,7.579000000000001,135.0,29.0,0.0,57.0,8.0,34.0,144.0,32.0,0.0,60.0,10.0,34.0,0.938,0.906,0.0,0.95,0.8,1.0,15.0,0.0,0,0.0,0,0,0,0,0,0.0
00165.c,1.0,5.0,5.0,0.0,0.0,2.0,0.0,3.0,5.0,0.0,0.0,2.0,0.0,3.0,1.0,0.0,0.0,1.0,0.0,1.0,0.0,0.0,0,0.0,0,0,0,0,0,0.0
00166.c,1.0,19.0,19.0,0.0,0.0,14.0,0.0,5.0,19.0,0.0,0.0,14.0,0.0,5.0,1.0,0.0,0.0,1.0,0.0,1.0,0.0,0.0,0,0.0,0,0,0,0,0,0.0
00167.c,7.0,3.0,17.0,2.0,0.0,8.0,2.0,3.0,21.0,2.0,0.0,8.0,2.0,5.0,0.81,1.0,0.0,1.0,1.0,0.6,4.0,0.0,0,0.0,0,0,0,0,0,0.0
00168.c,9.0,3.888888888888889,904.0,166.0,0.0,475.0,66.0,121.0,35.0,5.0,0.0,18.0,2.0,5.0,50.611,58.833,0.0,48.625,66.0,57.0,142.0,0.0,0,11.0,0,0,0,0,0,1.0
00169.c,13.0,3.077,331.0,61.0,0.0,155.0,35.0,19.0,40.0,6.0,0.0,20.0,3.0,2.0,8.275,10.167,0.0,7.75,11.667,9.5,61.0,35.0,111.0,32.0,6.0,0,14.0,11.0,1.0,0.0
00170.c,4.0,6.75,20.0,0.0,0.0,13.0,0.0,7.0,27.0,0.0,0.0,18.0,0.0,9.0,2.0,0.0,0.0,2.0,0.0,2.0,0.0,0.0,0,0.0,0,0,0,0,0,0.0
00171.c,7.0,3.714,22.0,2.0,0.0,12.0,2.0,4.0,26.0,2.0,0.0,12.0,2.0,6.0,0.846,1.0,0.0,1.0,1.0,0.667,4.0,0.0,0,0.0,0,0,0,0,0,0.0
00172.c,1.0,39.0,39.0,4.0,0.0,24.0,0.0,11.0,39.0,4.0,0.0,24.0,0.0,11.0,1.0,1.0,0.0,1.0,0.0,1.0,0.0,0.0,0,0.0,0,0,0,0,0,0.0
00173.c,8.0,8.125,199.0,12.0,0.0,126.0,12.0,32.0,65.0,2.0,0.0,46.0,2.0,10.0,3.062,6.0,0.0,2.739,6.0,3.2,29.0,0.0,0,31.0,0,0,0,0,0,0.0
00174.c,1.0,57.0,57.0,0.0,4.0,23.0,0.0,30.0,57.0,0.0,4.0,23.0,0.0,30.0,1.0,0.0,1.0,1.0,0.0,1.0,0.0,0.0,0,0.0,0,0,0,0,0,0.0
00175.c,4.0,13.5,88.0,0.0,0.0,47.0,0.0,41.0,54.0,0.0,0.0,29.0,0.0,25.0,10.0,0.0,0.0,10.0,0.0,10.0,0.0,0.0,0,0.0,0,0,0,0,0,0.0
00176.c,21.0,7.238238095238096,3566.0,310.0,0.0,2320.0,170.0,530.0,152.0,11.0,0.0,101.0,5.0,23.0,107.48599999999999,81.417,0.0,102.301,96.5,99.583,332.0,74.0,10.337837837837839,49.0,2.7567567567567566,0,8.27027027027027,3.445945945945946,1.3783783783783783,2.0
00177.c,1.0,11.0,11.0,0.0,0.0,2.0,0.0,9.0,11.0,0.0,0.0,2.0,0.0,9.0,1.0,0.0,0.0,1.0,0.0,1.0,0.0,0.0,0,0.0,0,0,0,0,0,0.0
00178.c,1.0,10.0,10.0,0.0,0.0,5.0,0.0,5.0,10.0,0.0,0.0,5.0,0.0,5.0,1.0,0.0,0.0,1.0,0.0,1.0,0.0,0.0,0,0.0,0,0,0,0,0,0.0
00179.c,1.0,89.0,89.0,11.0,0.0,28.0,0.0,50.0,89.0,11.0,0.0,28.0,0.0,50.0,1.0,1.0,0.0,1.0,0.0,1.0,0.0,0.0,0,0.0,0,0,0,0,0,0.0
00180.c,1.0,8.0,8.0,0.0,0.0,5.0,0.0,3.0,8.0,0.0,0.0,5.0,0.0,3.0,1.0,0.0,0.0,1.0,0.0,1.0,0.0,0.0,0,0.0,0,0,0,0,0,0.0
00181.c,41.0,5.0244634146341465,5379.0,797.0,0.0,2570.0,482.0,859.0,206.0,24.0,0.0,107.0,11.0,38.0,96.48299999999999,123.304,0.0,96.623,152.5,75.914,780.0,373.0,28.37533512064343,109.0,2.225187667560322,0,6.064329758713137,3.1715817694369974,1.8793565683646112,2.0
00182.c,83.0,3.3491807228915658,1167.0,85.0,0.0,780.0,88.0,83.0,278.0,15.0,0.0,168.0,12.0,17.0,17.442999999999998,5.667,0.0,20.122,28.8,27.364,170.0,49.0,0,82.0,0,0,0,0,0,0.0
00183.c,8.0,3.25,174.0,41.0,0.0,60.0,21.0,21.0,26.0,5.0,0.0,11.0,2.0,3.0,6.692,8.2,0.0,5.455,10.5,7.0,42.0,10.0,16.0,20.0,5.0,0,7.0,6.0,2.0,0.0
00184.c,1.0,7.0,7.0,0.0,0.0,4.0,0.0,3.0,7.0,0.0,0.0,4.0,0.0,3.0,1.0,0.0,0.0,1.0,0.0,1.0,0.0,0.0,0,0.0,0,0,0,0,0,0.0
00185.c,9.0,4.667,300.0,42.0,0.0,149.0,22.0,45.0,42.0,4.0,0.0,21.0,2.0,9.0,7.143,10.5,0.0,7.095,11.0,5.0,64.0,0.0,0,28.0,0,0,0,0,0,0.0
00186.c,5.0,4.0,270.0,41.0,0.0,126.0,21.0,41.0,20.0,2.0,0.0,11.0,1.0,3.0,13.5,20.5,0.0,11.455,21.0,13.667,62.0,0.0,0,13.0,0,0,0,0,0,0.0
00187.c,16.0,5.562,488.0,54.0,0.0,206.0,54.0,141.0,89.0,6.0,0.0,41.0,6.0,27.0,5.483,9.0,0.0,5.024,9.0,5.222,84.0,3.0,32.333,46.0,1.667,0,6.333000000000001,3.333,4.0,0.0
00188.c,1.0,9.0,9.0,0.0,0.0,2.0,0.0,7.0,9.0,0.0,0.0,2.0,0.0,7.0,1.0,0.0,0.0,1.0,0.0,1.0,0.0,0.0,0,0.0,0,0,0,0,0,0.0
00189.c,2.0,6.5,13.0,0.0,0.0,8.0,0.0,5.0,13.0,0.0,0.0,8.0,0.0,5.0,2.0,0.0,0.0,2.0,0.0,2.0,0.0,0.0,0,0.0,0,0,0,0,0,0.0
00190.c,2.0,3.0,6.0,0.0,0.0,2.0,0.0,4.0,6.0,0.0,0.0,2.0,0.0,4.0,2.0,0.0,0.0,1.0,0.0,2.0,0.0,0.0,0,0.0,0,0,0,0,0,0.0
00191.c,5.0,3.6,31.0,5.0,0.0,16.0,3.0,2.0,18.0,2.0,0.0,10.0,1.0,2.0,1.722,2.5,0.0,1.6,3.0,1.0,5.0,3.0,13.0,10.0,2.0,0,5.0,3.0,0,0.0
00192.c,5.0,3.2,96.0,20.0,0.0,44.0,10.0,11.0,16.0,2.0,0.0,8.0,1.0,2.0,6.0,10.0,0.0,5.5,10.0,5.5,21.0,0.0,0,9.0,0,0,0,0,0,0.0
00193.c,7.0,2.7145714285714284,29.0,0.0,0.0,11.0,3.0,11.0,19.0,0.0,0.0,5.0,1.0,9.0,2.769,0.0,0.0,4.0,3.0,2.4,4.0,3.0,0,0.0,0,0,0,0,0,0.0
00194.c,4.0,4.0,16.0,2.0,0.0,8.0,1.0,3.0,16.0,2.0,0.0,8.0,1.0,3.0,1.0,1.0,0.0,1.0,1.0,1.0,3.0,0.0,0,0.0,0,0,0,0,0,0.0
00195.c,1.0,26.0,26.0,0.0,0.0,20.0,0.0,6.0,26.0,0.0,0.0,20.0,0.0,6.0,1.0,0.0,0.0,1.0,0.0,1.0,0.0,0.0,0,0.0,0,0,0,0,0,0.0
00196.c,19.0,4.368368421052632,89.0,14.0,0.0,2.0,8.0,61.0,83.0,20.0,0.0,2.0,8.0,45.0,12.823,0.7,0.0,1.0,1.0,12.902,12.0,0.0,0,0.0,0,0,0,0,0,0.0
00197.c,2.0,11.5,41.0,4.0,0.0,20.0,0.0,17.0,23.0,1.0,0.0,11.0,0.0,11.0,5.0,4.0,0.0,5.0,0.0,5.0,0.0,0.0,0,0.0,0,0,0,0,0,0.0
00198.c,1.0,13.0,13.0,0.0,0.0,3.0,0.0,10.0,13.0,0.0,0.0,3.0,0.0,10.0,1.0,0.0,0.0,1.0,0.0,1.0,0.0,0.0,0,0.0,0,0,0,0,0,0.0
00199.c,7.0,4.142857142857143,29.0,0.0,0.0,11.0,0.0,15.0,29.0,0.0,0.0,11.0,0.0,15.0,4.0,0.0,0.0,3.0,0.0,4.0,3.0,0.0,0,0.0,0,0,0,0,0,0.0
00200.c,185.0,1.9026486486486487,3268.0,514.0,0.0,1930.0,256.0,388.0,352.0,6.0,0.0,28.0,2.0,135.0,106.143,129.0,0.0,107.667,128.0,86.333,436.0,0.0,0,0.0,0,0,0,0,0,0.0
adpcm-test.c,134.0,10.649111940298509,7458541.0,686215.0,667932.0,3726577.0,460970.0,1376134.0,1427.0,173.0,27.0,909.0,37.0,203.0,96552.381,66695.80399999999,50310.095,86010.287,178634.0,105682.98,959020.0,42663.0,2.58781614044957,418.0,0.6243817828094601,0,1.7100532076975365,0.5087312190891404,0.5775965122002672,0.0
bs.c,11.0,5.363636363636363,139.0,24.0,0.0,80.0,12.0,11.0,59.0,8.0,0.0,36.0,3.0,6.0,3.404,3.0,0.0,2.222,4.0,3.25,12.0,12.0,18.0,45.0,8.0,0,26.0,8.0,3.0,0.0
crc.c,31.0,8.741999999999999,61867.0,14499.0,0.0,21787.0,4781.0,13634.0,271.0,46.0,0.0,121.0,9.0,76.0,1101.6,1417.2759999999998,0.0,888.3140000000001,2237.286,914.87,9897.0,2050.0,16.00829268292683,126.0,7.001463414634146,0,9.009756097560976,5.998536585365854,7.009268292682926,0.0
fft1.c,58.0,8.069120689655175,2247.0,72.0,476.0,1134.0,121.0,315.0,468.0,40.0,42.0,282.0,16.0,52.0,68.47800000000001,30.333,80.425,66.606,74.394,72.938,201.0,49.0,3.438775510204082,305.0,0.6122448979591837,0.30612244897959184,3.0816326530612246,0.5102040816326531,0.4489795918367347,0.0
fft1k.c,34.0,8.970529411764705,1137991.0,34088.0,194049.0,658282.0,39444.0,165507.0,305.0,13.0,36.0,178.0,8.0,50.0,20661.195,9860.833,26404.905,20660.001,22876.667,20073.7,72497.0,13568.0,0,205.0,0,0,0,0,0,0.0
fibcall.c,5.0,7.4,489.0,88.0,0.0,337.0,30.0,4.0,37.0,3.0,0.0,27.0,1.0,4.0,16.581,29.333,0.0,14.917,30.0,2.0,60.0,0.0,0,16.0,0,0,0,0,0,0.0
fir.c,49.0,8.163306122448981,25708.0,1492.0,3586.0,14618.0,1400.0,2863.0,400.0,16.0,62.0,223.0,13.0,57.0,542.785,626.833,634.143,505.535,841.667,498.55,3035.0,114.0,27.941245614035086,201.0,0.2745789473684211,4.976333333333334,7.754385964912281,2.0,4.274578947368421,0.0
insertsort.c,7.0,11.0,1799.0,262.0,0.0,1120.0,64.0,289.0,77.0,7.0,0.0,57.0,2.0,7.0,23.364,37.429,0.0,19.649,32.0,41.286,128.0,0.0,0,45.0,0,0,0,0,0,0.0
jfdctint.c,14.0,35.78557142857143,4752.0,1299.0,0.0,3140.0,83.0,67.0,501.0,127.0,0.0,358.0,3.0,4.0,45.303,72.21600000000001,0.0,38.426,74.0,23.0,246.0,0.0,0,462.0,0,0,0,0,0,0.0
lms.c,58.0,8.155293103448276,482584.0,38584.0,54990.0,258646.0,25828.0,66019.0,473.0,21.0,71.0,260.0,15.0,71.0,7398.547,7541.404,7297.878,6838.87,10494.667,9434.34,64142.0,203.0,12.0,237.0,0,8.0,16.0,2.0,4.0,0.0
ludcmp.c,60.0,6.699683333333332,5442.0,640.0,244.0,3132.0,290.0,715.0,402.0,35.0,16.0,244.0,17.0,50.0,34.412,44.375,41.153999999999996,32.018,48.717999999999996,35.921,536.0,175.0,39.667,313.0,8.333,3.6670000000000003,48.333,12.0,11.0,0.0
matmul.c,27.0,3.77762962962963,5289.0,657.0,0.0,3163.0,222.0,803.0,102.0,12.0,0.0,54.0,5.0,11.0,53.87,54.75,0.0,58.574,44.4,90.0,666.0,0.0,0,84.0,0,0,0,0,0,0.0
minver.c,98.0,6.132826530612245,3644.0,374.0,110.0,2172.0,219.0,443.0,601.0,51.0,13.0,376.0,31.0,67.0,21.973,23.258,32.6,21.156,22.895,30.089,348.0,197.0,55.76903553299493,481.0,8.160553299492387,2.248730964467005,54.49238578680203,13.218274111675127,11.028573604060915,0.0
qurt.c,26.0,6.7691923076923075,1072.0,122.0,140.0,540.0,106.0,34.0,176.0,3.0,26.0,109.0,8.0,16.0,17.031,40.667,13.0,14.631,27.167,10.75,188.0,48.0,16.125,41.0,2.6875,7.166666666666667,18.8125,7.166666666666667,0.8958333333333334,0.0
simple.c,17.0,4.059,81126.0,14704.0,0.0,41313.0,5904.0,7401.0,69.0,10.0,0.0,37.0,4.0,6.0,1175.739,1470.4,0.0,1116.568,1476.0,1233.5,17708.0,0.0,0,55.0,0,0,0,0,0,0.0
